Workbook
Name aporte_mensal: Entrada!$E$13
Name meses: Entrada!$E$16
Name patrimonio_acumulado: Entrada!$E$21
Name rendimento_carteira: Entrada!$E$15
Name taxa: Entrada!$E$14
Name valor_inicial: Entrada!$E$12
Name ValorTotalInvestido: Entrada!$E$20

Sheet Entrada
B11: ENTRADA DE DADOS
B12: Valor inicial investido | E12: 10000
B13: Aportes mensais | E13: 500
B14: Taxa de rendimento mensal (%) | E14: 0.008
B15: Rendimento da Carteira | E15: 0.006
B16: Período de investimento (em meses) | E16: 12
B19: INVESTIMENTO FINAL
B20: Valor total investido | E20: =valor_inicial+(aporte_mensal*meses) -> 16000
B21: Patrimônio acumulado | E21: =FV(taxa,meses,-aporte_mensal,-valor_inicial) -> 17274.555
B22: Retorno Percentual | E22: =(patrimonio_acumulado-ValorTotalInvestido)/ValorTotalInvestido -> 0.079659706
B23: Dividendos mensais estimados | E23: =patrimonio_acumulado*rendimento_carteira -> 103.64733
B26: EVOLUÇÃO DE PATRIMÔNIO
B29: PERÍODO | C29: MÊS | D29: PATRIMÔNIO ACUMULADO | E29: RENDIMENTO | F29: DIVIDENDO
A30: 1 | B30: Em 1 ano | C30: 12 | D30: =VLOOKUP($C30,Simulacao!$B:$G,5,FALSE) -> 17274.555 | E30: =VLOOKUP($C30,Simulacao!$B:$G,4,FALSE) -> 133.13139 | F30: =D30*rendimento_carteira -> 103.64733
A31: 2 | B31: Em 2 anos | C31: 24 | D31: =VLOOKUP($C31,Simulacao!$B:$G,5,FALSE) -> 25279.03 | E31: =VLOOKUP($C31,Simulacao!$B:$G,4,FALSE) -> 196.65897 | F31: =D31*rendimento_carteira -> 151.67418
A32: 5 | B32: Em 5 anos | C32: 60 | D32: =VLOOKUP($C32,Simulacao!$B:$G,5,FALSE) -> 54441.843 | E32: =VLOOKUP($C32,Simulacao!$B:$G,4,FALSE) -> 428.10986 | F32: =D32*rendimento_carteira -> 326.65106
A33: 10 | B33: Em 10 anos | C33: 120 | D33: =VLOOKUP($C33,Simulacao!$B:$G,5,FALSE) -> 126126.13 | E33: =VLOOKUP($C33,Simulacao!$B:$G,4,FALSE) -> 997.0328 | F33: =D33*rendimento_carteira -> 756.75679

Sheet Simulacao
B10: EVOLUÇÃO DO PATRIMÔNIO - MENSAL
B12: MÊS | C12: APORTE | D12: PATRIMÔNIO INICIAL | E12: RENDIMENTO | F12: PATRIMÔNIO ACUMULADO | G12: DIVIDENDO
B13: 1 | C13: =aporte_mensal -> 500 | D13: =valor_inicial -> 10000 | E13: =D13*taxa -> 80 | F13: =C13+D13+E13 -> 10580 | G13: =F13*rendimento_carteira -> 63.48
B14: =B13+1 -> 2 | C14: =aporte_mensal -> 500 | D14: =$F13 -> 10580 | E14: =D14*taxa -> 84.64 | F14: =C14+D14+E14 -> 11164.64 | G14: =F14*rendimento_carteira -> 66.98784
B15: =B14+1 -> 3 | C15: =aporte_mensal -> 500 | D15: =$F14 -> 11164.64 | E15: =D15*taxa -> 89.31712 | F15: =C15+D15+E15 -> 11753.957 | G15: =F15*rendimento_carteira -> 70.523743
B16: =B15+1 -> 4 | C16: =aporte_mensal -> 500 | D16: =$F15 -> 11753.957 | E16: =D16*taxa -> 94.031657 | F16: =C16+D16+E16 -> 12347.989 | G16: =F16*rendimento_carteira -> 74.087933
B17: =B16+1 -> 5 | C17: =aporte_mensal -> 500 | D17: =$F16 -> 12347.989 | E17: =D17*taxa -> 98.78391 | F17: =C17+D17+E17 -> 12946.773 | G17: =F17*rendimento_carteira -> 77.680636
B18: =B17+1 -> 6 | C18: =aporte_mensal -> 500 | D18: =$F17 -> 12946.773 | E18: =D18*taxa -> 103.57418 | F18: =C18+D18+E18 -> 13550.347 | G18: =F18*rendimento_carteira -> 81.302081
B19: =B18+1 -> 7 | C19: =aporte_mensal -> 500 | D19: =$F18 -> 13550.347 | E19: =D19*taxa -> 108.40277 | F19: =C19+D19+E19 -> 14158.75 | G19: =F19*rendimento_carteira -> 84.952498
B20: =B19+1 -> 8 | C20: =aporte_mensal -> 500 | D20: =$F19 -> 14158.75 | E20: =D20*taxa -> 113.27 | F20: =C20+D20+E20 -> 14772.02 | G20: =F20*rendimento_carteira -> 88.632118
B21: =B20+1 -> 9 | C21: =aporte_mensal -> 500 | D21: =$F20 -> 14772.02 | E21: =D21*taxa -> 118.17616 | F21: =C21+D21+E21 -> 15390.196 | G21: =F21*rendimento_carteira -> 92.341175
B22: =B21+1 -> 10 | C22: =aporte_mensal -> 500 | D22: =$F21 -> 15390.196 | E22: =D22*taxa -> 123.12157 | F22: =C22+D22+E22 -> 16013.317 | G22: =F22*rendimento_carteira -> 96.079904
B23: =B22+1 -> 11 | C23: =aporte_mensal -> 500 | D23: =$F22 -> 16013.317 | E23: =D23*taxa -> 128.10654 | F23: =C23+D23+E23 -> 16641.424 | G23: =F23*rendimento_carteira -> 99.848543
B24: =B23+1 -> 12 | C24: =aporte_mensal -> 500 | D24: =$F23 -> 16641.424 | E24: =D24*taxa -> 133.13139 | F24: =C24+D24+E24 -> 17274.555 | G24: =F24*rendimento_carteira -> 103.64733
B25: =B24+1 -> 13 | C25: =aporte_mensal -> 500 | D25: =$F24 -> 17274.555 | E25: =D25*taxa -> 138.19644 | F25: =C25+D25+E25 -> 17912.752 | G25: =F25*rendimento_carteira -> 107.47651
... B132: =B131+1 -> 120 | C132: =aporte_mensal -> 500 | D132: =$F131 -> 124629.1 | E132: =D132*taxa -> 997.0328 | F132: =C132+D132+E132 -> 126126.13 | G132: =F132*rendimento_carteira -> 756.75679
L144: B24
